{
    "127.0.0.1": {
        "title": "Single-Page Web Application Demo",
        "validFrom": "",
        "validTo": "",
        "locale": "zh",
        "home": "/index",
        "theme": "index",
        "appKeys": {
            "wcoim": ""
        },
        "caCode": "index"
    },

    "192.168.1.5": {
        "title": "Single-Page Web Application Demo",
        "validFrom": "",
        "validTo": "",
        "locale": "zh",
        "home": "/index",
        "theme": "index",
        "appKeys": {
            "wcoim": ""
        },
        "caCode": "index"
    }
}
